{
  "epsilon_list": [
    0.05,
    0.1,
    0.15,
    0.2,
    0.25,
    0.3
  ],
  "clean_accs": {
    "SimpleCNN": 76.015625,
    "ResNet18": 81.484375,
    "MobileNetV2": 85.0
  },
  "results": {
    "SimpleCNN": {
      "SimpleCNN": {
        "fgsm": [
          72.3535457348407,
          80.16443987667009,
          83.35046248715314,
          84.1726618705036,
          84.68653648509763,
          85.30318602261049
        ],
        "ifgsm": [
          90.44193216855088,
          97.84172661870504,
          98.45837615621788,
          98.86947584789311,
          99.38335046248716,
          99.69167523124358
        ]
      },
      "ResNet18": {
        "fgsm": [
          52.826310380267216,
          55.190133607399794,
          60.431654676258994,
          64.13155190133607,
          67.1120246659815,
          70.91469681397739
        ],
        "ifgsm": [
          53.751284686536486,
          58.890030832476874,
          63.514902363823225,
          67.83144912641316,
          72.3535457348407,
          76.56731757451182
        ]
      },
      "MobileNetV2": {
        "fgsm": [
          57.142857142857146,
          65.36485097636177,
          70.40082219938336,
          73.792394655704,
          76.05344295991777,
          77.5950668036999
        ],
        "ifgsm": [
          64.02877697841727,
          77.18396711202466,
          86.12538540596094,
          90.44193216855088,
          93.62795477903391,
          95.47790339157245
        ]
      }
    },
    "ResNet18": {
      "SimpleCNN": {
        "fgsm": [
          59.34803451581975,
          66.63470757430488,
          70.94918504314478,
          75.55129434324066,
          78.8111217641419,
          81.5915627996165
        ],
        "ifgsm": [
          62.99137104506232,
          70.66155321188879,
          77.2770853307766,
          83.31735378715244,
          86.2895493767977,
          89.83700862895493
        ]
      },
      "ResNet18": {
        "fgsm": [
          63.47075743048897,
          76.89357622243529,
          85.13902205177374,
          89.45349952061362,
          91.65867689357623,
          92.71332694151486
        ],
        "ifgsm": [
          82.45445829338446,
          95.0143815915628,
          97.79482262703739,
          98.65771812080537,
          99.52061361457335,
          99.52061361457335
        ]
      },
      "MobileNetV2": {
        "fgsm": [
          55.99232981783317,
          62.99137104506232,
          70.56567593480345,
          75.26366251198466,
          79.0987535953979,
          80.92042186001918
        ],
        "ifgsm": [
          60.690316395014385,
          72.09971236816874,
          80.63279002876318,
          87.91946308724832,
          92.13806327900288,
          94.53499520613614
        ]
      }
    },
    "MobileNetV2": {
      "SimpleCNN": {
        "fgsm": [
          61.39705882352941,
          67.46323529411765,
          72.05882352941177,
          74.63235294117646,
          76.1029411764706,
          77.84926470588235
        ],
        "ifgsm": [
          64.33823529411765,
          72.51838235294117,
          78.21691176470588,
          81.80147058823529,
          85.01838235294117,
          87.40808823529412
        ]
      },
      "ResNet18": {
        "fgsm": [
          52.75735294117647,
          56.06617647058823,
          60.845588235294116,
          63.87867647058823,
          67.27941176470588,
          70.3125
        ],
        "ifgsm": [
          54.779411764705884,
          58.54779411764706,
          62.86764705882353,
          66.7279411764706,
          68.65808823529412,
          71.04779411764706
        ]
      },
      "MobileNetV2": {
        "fgsm": [
          66.7279411764706,
          74.63235294117646,
          78.5845588235294,
          81.34191176470588,
          82.8125,
          84.00735294117646
        ],
        "ifgsm": [
          94.48529411764706,
          98.8970588235294,
          99.08088235294117,
          99.26470588235294,
          99.63235294117646,
          99.90808823529412
        ]
      }
    }
  }
}